<hackpackage>
  <name>Edit Mode Notice</name>
  <identifier>editmodenotice</identifier>
  <description>Displays a prominent notice when Edit Mode is off.</description>
  <developerName>Cliff Weinstein</developerName>
  <developerInstitution>MCPHS University</developerInstitution>
  <developerURL>https://github.com/C-Weinstein</developerURL>
  <developerEmail>cweinstein.tech@gmail.com</developerEmail>
  <hook>tag.learningSystemPage.start</hook>
  <restrictions>
    <restriction>
      <type>ENTITLEMENT</type>
      <value>course.content.MODIFY</value>
      <inverse>false</inverse>
    </restriction>
  </restrictions>
  <resources/>
</hackpackage>